{
  "DESIGN.md": 1783442924.1164534,
  "CLAUDE.md": 1783442924.116128,
  "tools/ds/source.mjs": 1781757637.837725,
  "docs/PRODUCTS.md": 1780948416.8098419,
  "docs/ANALOGIES.md": 1778314850.738176,
  "docs/RESEARCH-SIGNALS.md": 1778314955.7954361,
  "docs/COMPETITOR-INTEL.md": 1778315061.3954785,
  "docs/triggers.md": 1783442924.2917814
}