{
  "DESIGN.md": 1779447339.761734,
  "CLAUDE.md": 1780319555.37964,
  "docs/CLAUDE-DS-REFERENCE.md": 1778315632.2134109,
  "docs/PRODUCTS.md": 1778755506.5975583,
  "docs/ANALOGIES.md": 1778314850.738176,
  "docs/RESEARCH-SIGNALS.md": 1778314955.7954361,
  "docs/COMPETITOR-INTEL.md": 1778315061.3954785,
  "docs/triggers.md": 1778315835.348622
}