{
  "DESIGN.md": 1778411713.680475,
  "CLAUDE.md": 1778540711.7816346,
  "docs/CLAUDE-DS-REFERENCE.md": 1778315632.2134109,
  "docs/PRODUCTS.md": 1778315277.200318,
  "docs/ANALOGIES.md": 1778314850.738176,
  "docs/RESEARCH-SIGNALS.md": 1778314955.7954361,
  "docs/COMPETITOR-INTEL.md": 1778315061.3954785,
  "docs/triggers.md": 1778315835.348622
}